<Window x:Class="ClaimSystem.MainWindow"
        xmlns="http://schemas.microsoft.com/winfx/2006/xaml/presentation"
        xmlns:x="http://schemas.microsoft.com/winfx/2006/xaml"
        Title="Lecturer Claim Submission" Height="480" Width="700" Background="#f5f5f5">
    <Grid Margin="20">
        <StackPanel>
            <TextBlock Text="Lecturer Claim Submission Form" 
                       FontSize="20" FontWeight="Bold" Margin="0,0,0,10"/>

            <TextBox x:Name="txtLecturerName" PlaceholderText="Lecturer Name" Margin="0,5"/>
            <TextBox x:Name="txtHoursWorked" PlaceholderText="Hours Worked" Margin="0,5"/>
            <TextBox x:Name="txtRatePerHour" PlaceholderText="Rate per Hour" Margin="0,5"/>

            <Button Content="Calculate Total" Click="Calculate_Click" Margin="0,5"/>
            <TextBlock x:Name="txtTotal" FontWeight="Bold" Margin="0,5"/>

            <Button Content="Upload Supporting Document" Click="Upload_Click" Margin="0,5"/>
            <TextBlock x:Name="txtFilePath" Text="No file selected" Margin="0,5"/>

            <ComboBox x:Name="cmbStatus" Margin="0,5">
                <ComboBoxItem Content="Draft"/>
                <ComboBoxItem Content="Submitted"/>
                <ComboBoxItem Content="Approved"/>
